layer,train_mse,train_mae,train_r2,train_pearson,train_spearman,val_mse,val_mae,val_r2,val_pearson,val_spearman,test_mse,test_mae,test_r2,test_pearson,test_spearman
0,0.01672128215432167,0.09858688712120056,0.9688531756401062,0.9886400699615479,0.9698354277301645,1.3279732465744019,0.9503728747367859,-1.0093047618865967,0.31394606828689575,0.37871740662438336,0.8329660296440125,0.7705807089805603,-0.3006424903869629,0.3741335868835449,0.3459142769041011
1,0.003302039811387658,0.0458456389605999,0.9938492774963379,0.9977025389671326,0.9855223723644777,0.7235375046730042,0.6434704661369324,-0.0947566032409668,0.5640298128128052,0.5530655391120507,0.7381136417388916,0.6955170631408691,-0.1525343656539917,0.3741917610168457,0.34369411039161274
2,0.002293235622346401,0.03763937950134277,0.9957283735275269,0.9984283447265625,0.9872390767127609,0.7785518765449524,0.7138989567756653,-0.17799663543701172,0.5034421682357788,0.45821000704721637,0.711826503276825,0.690613865852356,-0.1114879846572876,0.4546627104282379,0.3589885908109775
3,0.0017852192977443337,0.03147654980421066,0.996674656867981,0.9986812472343445,0.9878568799621431,0.8846634030342102,0.7375774383544922,-0.33854997158050537,0.4525330066680908,0.4528541226215644,0.6473484635353088,0.6303253769874573,-0.010808229446411133,0.47819235920906067,0.37637989515880355
4,0.0011535997036844492,0.02582382969558239,0.9978511929512024,0.9991863965988159,0.9904424522845575,1.2783147096633911,0.863490641117096,-0.9341685771942139,0.1267828643321991,0.14023960535588442,0.8130477666854858,0.7273720502853394,-0.2695409059524536,0.36516138911247253,0.2948504471168671
5,0.001314702327363193,0.026747195050120354,0.9975510835647583,0.9991085529327393,0.9899718702350281,0.777370035648346,0.706261932849884,-0.17620849609375,0.4040505886077881,0.33347427766032417,0.7681651711463928,0.6907516717910767,-0.19945859909057617,0.42682915925979614,0.2687018193031144
6,0.001404477166943252,0.028915993869304657,0.9973838925361633,0.9990063309669495,0.9891200904358799,1.1727386713027954,0.7892513871192932,-0.7744255065917969,0.2768611013889313,0.27286821705426356,0.773404061794281,0.7179965972900391,-0.20763885974884033,0.31703364849090576,0.24230650632130743
7,0.0014101294800639153,0.028085006400942802,0.9973733425140381,0.9989957213401794,0.9890464798359535,1.087120532989502,0.7946316003799438,-0.644879937171936,0.27798470854759216,0.26455250176180406,0.6632248759269714,0.6103819012641907,-0.03559863567352295,0.4392527937889099,0.442368177613321
8,0.0007271322538144886,0.020898859947919846,0.998645544052124,0.9995205998420715,0.9944292549555707,0.808250367641449,0.7095270752906799,-0.22293221950531006,0.40357810258865356,0.3881606765327696,0.5747708678245544,0.5671523809432983,0.10251879692077637,0.5681825280189514,0.4480419364785692
9,0.0007518045022152364,0.021244952455163002,0.9985995888710022,0.9994781613349915,0.9939599873810401,0.8509222269058228,0.7231801748275757,-0.28749752044677734,0.3576470911502838,0.3544749823819591,0.45485302805900574,0.5042445659637451,0.2897655963897705,0.585186243057251,0.565464076472402
10,0.0005177713464945555,0.017874008044600487,0.9990355372428894,0.9996394515037537,0.9958055102791946,0.8203626871109009,0.7097785472869873,-0.24125897884368896,0.32522356510162354,0.33840732910500354,0.4769907295703888,0.5278440117835999,0.2551984190940857,0.5816378593444824,0.5263644773358002
11,0.000646276748739183,0.019699301570653915,0.9987961649894714,0.9995405077934265,0.9937444134812556,0.7244665622711182,0.6481667757034302,-0.09616231918334961,0.49513036012649536,0.392107117688513,0.51213139295578,0.5792500376701355,0.20032769441604614,0.5608025193214417,0.5129201356768424
12,0.000527593947481364,0.01662256382405758,0.9990172386169434,0.9996315240859985,0.9948538303801461,0.8278482556343079,0.6881207823753357,-0.25258517265319824,0.45465895533561707,0.4319943622269203,0.5925956964492798,0.6236383318901062,0.07468599081039429,0.526661217212677,0.5193339500462535
13,0.0006559377652592957,0.019072553142905235,0.9987781643867493,0.9995289444923401,0.9943411851306588,0.6808485388755798,0.5923767685890198,-0.030165553092956543,0.5983151793479919,0.6067653276955602,0.5400564074516296,0.6039890050888062,0.15672391653060913,0.5206883549690247,0.5229108849830403
14,0.0005954036023467779,0.018622392788529396,0.9988909363746643,0.9995825290679932,0.9940204532309797,0.6194270849227905,0.5529123544692993,0.06276887655258179,0.5865083932876587,0.5460183227625087,0.4755599796772003,0.5580027103424072,0.2574325203895569,0.5838051438331604,0.5856922602528523
15,0.0005908068851567805,0.01789293996989727,0.998899519443512,0.9995726346969604,0.9937523003312477,0.5978766679763794,0.5634365677833557,0.09537595510482788,0.5930256843566895,0.5539112050739957,0.5309234857559204,0.5694363713264465,0.17098462581634521,0.5117272138595581,0.49059512796793087
16,0.0008720344631001353,0.02128700166940689,0.998375654220581,0.9993614554405212,0.9921552132078447,0.5441370010375977,0.5641189217567444,0.1766873598098755,0.5637384057044983,0.5388301620859759,0.42065808176994324,0.5047637820243835,0.343159556388855,0.6109327673912048,0.5602836879432623
17,0.0006792474305257201,0.01915346272289753,0.9987347722053528,0.9995118379592896,0.993800935906199,0.5535473227500916,0.5883726477622986,0.16244906187057495,0.537074089050293,0.5085271317829456,0.43768683075904846,0.5131564140319824,0.31656986474990845,0.5970431566238403,0.507986432315757
18,0.0006545119686052203,0.01922227069735527,0.9987808465957642,0.999531626701355,0.993871917556128,0.6453396081924438,0.6160957217216492,0.02356165647506714,0.49162936210632324,0.41240310077519376,0.46093010902404785,0.5358872413635254,0.28027641773223877,0.5660039186477661,0.48233117483811283
19,0.0006832467624917626,0.019429367035627365,0.9987273216247559,0.999523937702179,0.9933448130816552,0.7887552380561829,0.683894157409668,-0.1934349536895752,0.40377283096313477,0.3502466525722339,0.49841150641441345,0.5734047889709473,0.22175073623657227,0.5439323782920837,0.5000925069380203
20,0.00046264377306215465,0.01650354452431202,0.9991382360458374,0.9996798038482666,0.9954611178295388,0.8749071359634399,0.7403448224067688,-0.323788046836853,0.32145002484321594,0.2676532769556025,0.5209118723869324,0.5740794539451599,0.18661737442016602,0.5446330904960632,0.4440949737897009
21,0.0003621943178586662,0.014312837272882462,0.9993253350257874,0.9997522234916687,0.9961893369788106,0.795596718788147,0.6856048107147217,-0.20378661155700684,0.3847266733646393,0.3630725863284002,0.5346978902816772,0.5876009464263916,0.16509103775024414,0.5329171419143677,0.4645698427382054
22,0.0002684312348719686,0.012420076876878738,0.9994999766349792,0.9998186230659485,0.9976168568273832,0.7745134234428406,0.6915401220321655,-0.17188620567321777,0.3899328410625458,0.3850599013389711,0.4673435389995575,0.5590965151786804,0.27026212215423584,0.560661256313324,0.5146469318532223
23,0.00016090305871330202,0.009572409093379974,0.9997003078460693,0.9998956322669983,0.9985632788264367,0.7904987931251526,0.685288667678833,-0.19607317447662354,0.37760674953460693,0.45764622973925295,0.505413830280304,0.5672453045845032,0.21081697940826416,0.5228451490402222,0.4656799259944496
