rank,model_name,layer,layers,layer_selection_type,direction_type,intervention_type,alpha_or_cap,targeted_flip_rate,answer_flip_rate,behavior_margin_delta,accuracy_change,side_effect_score,ci_low,ci_high,n_examples,objective_score
1,gpt2-small,1,"[1, 2, 3]",causal_topk,diff_of_means,probe_steering,-3.0,0.8333333333333334,0.76,0.11229330620460638,0.040000000000000036,0.6647214452214452,-0.47902614164316265,0.5881048154729787,25,0.5009726107226108
2,gpt2-small,6,"[6, 7, 8]",decodable_topk,regression,activation_capping,0.9,0.0,0.0,1.9772847493637614e-06,0.0,0.04000000000000001,-2.4795532224786146e-07,6.227175394721185e-06,25,-0.020000000000000004
3,gpt2-small,6,"[6, 7, 8]",decodable_topk,regression,activation_capping,0.75,0.0,0.0,6.383260090903064e-07,0.0,0.04000000000000001,-3.0446942647307515e-05,3.341881434122397e-05,25,-0.020000000000000004
4,gpt2-small,6,"[6, 7, 8]",decodable_topk,regression,activation_capping,0.5,0.0,0.0,-4.903905531929986e-06,0.0,0.04000000000000001,-7.177613576249285e-05,7.301063724594325e-05,25,-0.020000000000000004
5,gpt2-small,1,"[1, 2, 3]",causal_topk,regression,activation_capping,0.5,0.0,0.0,-7.357152303060665e-05,0.0,0.04000000000000001,-0.0001942171096802263,4.128406842551535e-05,25,-0.020000000000000004
6,gpt2-small,1,"[1, 2, 3]",causal_topk,regression,activation_capping,0.75,0.0,0.0,-1.8947601318366482e-05,0.0,0.04000000000000001,-8.020863533021692e-05,4.669055938723356e-05,25,-0.020000000000000004
7,gpt2-small,1,"[1, 2, 3]",causal_topk,regression,activation_capping,0.9,0.0,0.0,5.393981933590197e-06,0.0,0.04000000000000001,-1.3381958007840921e-05,3.378314971926333e-05,25,-0.020000000000000004
8,gpt2-small,6,"[6, 7, 8]",decodable_topk,diff_of_means,activation_capping,0.5,0.0,0.0,-0.0008757342544256552,0.0,0.04007692307692307,-0.037935083028381944,0.034615622442843906,25,-0.020038461538461536
9,gpt2-small,1,"[1, 2, 3]",causal_topk,diff_of_means,activation_capping,0.75,0.0,0.0,0.0037761586507161216,0.0,0.041538461538461545,-0.006641106637318943,0.015434730084737128,25,-0.020769230769230772
10,gpt2-small,6,"[6, 7, 8]",decodable_topk,diff_of_means,activation_capping,0.9,0.0,0.0,-0.0012785619099935008,0.0,0.041538461538461545,-0.003151812489827503,0.0,25,-0.020769230769230772
11,gpt2-small,6,"[6, 7, 8]",decodable_topk,diff_of_means,activation_capping,0.75,0.0,0.0,-0.0030875218709309846,0.0,0.041538461538461545,-0.0069724640210469995,-0.0001188570658365773,25,-0.020769230769230772
12,gpt2-small,1,"[1, 2, 3]",causal_topk,diff_of_means,activation_capping,0.9,0.0,0.0,-0.0017573992411295514,0.0,0.04353846153846155,-0.005946193599700923,0.002290413824717218,25,-0.021769230769230773
13,gpt2-small,1,"[1, 2, 3]",causal_topk,diff_of_means,activation_capping,0.5,0.0,0.0,0.0721838294758516,0.0,0.06605769230769232,-0.0017539149639653308,0.1300275273164114,25,-0.03302884615384616
14,gpt2-small,1,"[1, 2, 3]",causal_topk,diff_of_means,probe_steering,-1.0,0.16666666666666666,0.08,0.010136891106563715,0.07999999999999996,0.6689229104229104,-0.08490199410325355,0.11538682919560041,25,-0.16779478854478855
15,gpt2-small,6,"[6, 7, 8]",decodable_topk,diff_of_means,probe_steering,1.0,0.0,0.0,0.010477714222288301,0.0,0.4081381118881119,-0.008533055304999296,0.02679996683139997,25,-0.20406905594405594
16,gpt2-small,6,"[6, 7, 8]",decodable_topk,regression,probe_steering,1.0,0.0,0.0,-0.03009111430267694,0.0,0.4515244755244755,-0.09256405279849117,0.04963258513147985,25,-0.22576223776223775
17,gpt2-small,1,"[1, 2, 3]",causal_topk,regression,probe_steering,1.0,0.08333333333333333,0.04,0.00873453889230285,0.040000000000000036,0.6394592074592075,-0.038452532395449546,0.07162342334022422,25,-0.23639627039627042
18,gpt2-small,6,"[6, 7, 8]",decodable_topk,regression,probe_steering,-1.0,0.0,0.0,0.012186845586757429,0.0,0.5228653846153847,-0.00422133108678493,0.026162898808296278,25,-0.26143269230769234
19,gpt2-small,1,"[1, 2, 3]",causal_topk,regression,probe_steering,-1.0,0.0,0.0,0.021769174391171733,0.0,0.6351410256410257,-0.022235675552035743,0.05559026194196753,25,-0.31757051282051285
20,gpt2-small,6,"[6, 7, 8]",decodable_topk,diff_of_means,probe_steering,-1.0,0.0,0.0,0.013842624524627162,0.0,0.6457086247086248,-0.07856405124194679,0.13772941850170956,25,-0.3228543123543124
21,gpt2-small,6,"[6, 7, 8]",decodable_topk,diff_of_means,probe_steering,3.0,0.0,0.0,0.0028480112207457473,0.0,0.6560547785547786,-0.024071787206050924,0.022733390051026137,25,-0.3280273892773893
22,gpt2-small,1,"[1, 2, 3]",causal_topk,regression,probe_steering,-3.0,0.0,0.0,0.0015750468234823223,0.0,0.6573881118881119,-0.059047071811647124,0.04758435927545187,25,-0.32869405594405593
23,gpt2-small,6,"[6, 7, 8]",decodable_topk,regression,probe_steering,3.0,0.0,0.0,-0.04905213174113519,0.0,0.6633881118881119,-0.19479299294771968,0.13272509949869588,25,-0.33169405594405593
24,gpt2-small,6,"[6, 7, 8]",decodable_topk,diff_of_means,probe_steering,-3.0,0.0,0.0,0.022721750180729347,0.0,0.6647214452214452,-0.15224586744914545,0.25003497832732563,25,-0.3323607226107226
25,gpt2-small,1,"[1, 2, 3]",causal_topk,regression,probe_steering,3.0,0.0,0.0,0.06415672787592468,0.0,0.6647214452214452,-0.04017235589621441,0.16075179766717582,25,-0.3323607226107226
26,gpt2-small,6,"[6, 7, 8]",decodable_topk,regression,probe_steering,-3.0,0.0,0.0,0.015294421075570521,0.0,0.6713496503496503,-0.012478478280101143,0.035855993786243615,25,-0.33567482517482516
27,gpt2-small,1,"[1, 2, 3]",causal_topk,diff_of_means,probe_steering,1.0,0.0,0.0,0.054787299944495514,0.0,0.6889650349650349,-0.04652720128048946,0.1521877648814761,25,-0.34448251748251746
28,gpt2-small,1,"[1, 2, 3]",causal_topk,diff_of_means,probe_steering,3.0,0.0,0.0,0.048248648905192176,0.0,0.7,-0.04653795619500604,0.1361649828282672,25,-0.35
