prompt,baseline_output,intervened_output
Tell me about yourself.,I'm a writer. I'm a writer. I'm a writer. I'm a writer. I'm a,its is thes is it is it is it is it is it is it is it is it is it is it
Why is the sky blue?,The sky blue is a color that is often associated with the sky. It is a color that is often associated with,the the the the the the the the the the the the the the the the the the the the the the the the the
What is 2 + 2?,"The answer is 2 + 2.

The answer is 2 + 2.

The answer is 2 +",is the is the is the is the is is the is is is the is is is the is is is is the is
Explain photosynthesis simply.,"The idea is that the sun's energy is stored in the form of photosynthesis, which is the process of photos",the the the the the the the the the the the the the the the the the the the the the the the the the
Who wrote Pride and Prejudice?,I'm not sure if I'm going to be able to write a book about Pride and Prejudice. I,s was thes was thes was the was was the was was was the was was was was the was was was was
Translate 'hello' to French.,"The following code will convert the following to French:

import {Text} from './text'; import {",the the the the the the the the the the the the the the the the the the the the the the the the the
Summarize the water cycle.,The water cycle is a process of changing the water cycle of the earth. It is a process of changing the water,the the the the the the the the the the the the the the the the the the the the the the the the the
What is the capital of France?,"The capital of France is Paris.

The capital of France is Paris.

The capital of France is",the is the is the is the is the is the is the is the is the is the is the is the is the
Give three healthy breakfast ideas.,"1. Make a sandwich.

2. Make a sandwich.

3. Make a sandwich.",the the the the the the the the the the the the the the the the the the the the the the the the the
Explain gravity to a child.,"The following is a list of the most common questions that children ask when they are asked about gravity.

What",the the the the the the the the the the the the the the the the the the the the the the the the the
Write a polite email asking for a meeting.,"""I'm not going to be able to do that,"" he said. ""I'm not going to be able",thes are thes are thes are thes are thes are thes are thes are thes are the
What are prime numbers?,"The prime number is the number of digits in a string.

The prime number is the number of digits in",the is the is the is the is the is is the is is the is is the is is the is is the is
What is the difference between a cat and a dog?,A cat is a cat that is very happy and happy. A dog is a dog that is very unhappy and happy,the the the the the the the the the the the the the the the the the the the the the the the the the
Why do leaves change color?,"The answer is that leaves do change color.

The color of leaves changes with the seasons.

The",s is thes is the is the is is is is is is is is is is is is is is is is is
Give a short Python function to add two numbers.,import math import time import time.time import time.time.time.time.time.time.time.,the the the the the the the the the the the the the the the the the the the the the the the the the
What is the largest planet in our solar system?,"The largest planet in our solar system is about 1.5 billion light years away.

The largest planet in",the is the is the is the is the is the is the is the is the is the is the is the is the
How many days are in a week?,"The answer is probably not much.

The average day is about 1.5 hours.

The average",was the was the was the was the was the was was the was the was was the was the was was the was the
Name a primary color.,The following table lists the primary colors of the primary colors of the primary colors of the primary colors of the primary colors,the the the the the the the the the the the the the the the the the the the the the the the the the
What language is spoken in Brazil?,Brazil is a language of the Brazilian people. It is spoken by about 1.5 million people. It is spoken,thes is thes is the is the is the is the is the is is the is is the is is the is
Explain what a verb is.,"Examples

The following example shows how to use the verb ""to say something"" to express something.",the the the the the the the the the the the the the the the the the the the the the the the the the
